"Название: 1 комната, 37 кв. м
 Цена: 28 000 USD
 Фото: https://img5.lalafo.com/i/posters/api/61/df/9c/44b30477ee29d454900ec2d2ac.jpeg
 Адрес: Бишкек
 Дата: 14.04.2022 / 17:22
 Ссылка: https://lalafo.kg/bishkek/ads/1-komnata-37-kv-m-id-83448392
"
"Название: 6 соток, Для бизнеса, Срочная продажа, Красная книга, Тех паспорт
 Цена: 68 000 USD
 Фото: https://img5.lalafo.com/i/posters/api/89/2a/99/6-ares-for-business-urgent-sale-red-book-tech-passport-96984140_image-1649934802786.jpeg
 Адрес: БишкекРабочий Городок
 Дата: 14.04.2022 / 17:12
 Ссылка: https://lalafo.kg/bishkek/ads/6-sotok-dla-biznesa-srocnaa-prodaza-krasnaa-kniga-teh-pasport-id-96984140
"
"Название: Индивидуалка, 2 комнаты, 67 кв. м
 Цена: 38 000 USD
 Фото: https://img5.lalafo.com/i/posters/api/5e/26/26/f44614bf8b2dd115bf1940cfb8.jpeg
 Адрес: БишкекКара-Жыгач ж/м
 Дата: 14.04.2022 / 17:47
 Ссылка: https://lalafo.kg/bishkek/ads/individualka-2-komnaty-67-kv-m-id-97932586
"
"Название: Элитка, 1 комната, 38 кв. м, Бронированные двери
 Цена: 3 000 000 KGS
 Фото: https://img5.lalafo.com/i/posters/api/77/7b/f6/1e375eacee4ed2c02a6c7d1a1b.jpeg
 Адрес: БишкекПишпек
 Дата: 14.04.2022 / 14:47
 Ссылка: https://lalafo.kg/bishkek/ads/elitka-1-komnata-38-kv-m-bronirovannye-dveri-id-100214276
"
"Название: 130 кв. м, 4 комнаты, Евроремонт
 Цена: 55 000 USD57 000 USD
 Фото: https://img5.lalafo.com/i/posters/api/45/b4/99/32068b328829364a8daf90d54f.jpeg
 Адрес: Новопокровка
 Дата: 14.04.2022 / 13:35
 Ссылка: https://lalafo.kg/novopokrovka/ads/130-kv-m-4-komnaty-evroremont-id-95712362
"
"Название: 20 соток, Для бизнеса, Хозяин, Красная книга, Тех паспорт, Договор купли-продажи
 Цена: 125 USD
 Фото: https://img5.lalafo.com/i/posters/api/36/1f/c9/20-ares-for-business-owner-red-book-tech-passport-contract-of-sale-100236076_image-1649922840389.jpeg
 Адрес: Бишкек
 Дата: 14.04.2022 / 23:17
 Ссылка: https://lalafo.kg/bishkek/ads/20-sotok-dla-biznesa-hozain-krasnaa-kniga-teh-pasport-dogovor-kupli-prodazi-id-100236076
"
"Название: 1 комната, Элитка, 6 этаж
 Цена: Договорная
 Фото: https://img5.lalafo.com/i/posters/api/10/fc/00/zdaetsya-1-komnatnaya-kvartira-alamedin-97723072_image-1647137524603.jpeg
 Адрес: БишкекАламедин-1 мкр
 Дата: 14.04.2022 / 12:28
 Ссылка: https://lalafo.kg/bishkek/ads/1-komnata-elitka-6-etaz-id-97723072
"
"Название: 101 кв. м, Без мебели
 Цена: Договорная
 Фото: https://img5.lalafo.com/i/posters/api/70/85/c4/e6d982eeb4ce4834f73b743c18.jpeg
 Адрес: БишкекБотанический сад
 Дата: 14.04.2022 / 11:54
 Ссылка: https://lalafo.kg/bishkek/ads/101-kv-m-bez-mebeli-id-90782282
"
"Название: Продаётся или сдаётся большое помещение в центре города. Можно сделать
 Цена: 55 000 USD
 Фото: https://img5.lalafo.com/i/posters/api/cb/2d/8c/a37ab9684314a5a3bb03e9cde9.jpeg
 Адрес: БишкекМоссовет
 Дата: 14.04.2022 / 11:31
 Ссылка: https://lalafo.kg/bishkek/ads/prodaetsa-ili-sdaetsa-bolsoe-pomesenie-v-centre-goroda-mozno-sdelat-id-97505196
"
"Название: Сдан, Элитка, 1 комната, 58 кв. м
 Цена: 820 USD
 Фото: https://img5.lalafo.com/i/posters/api/66/89/0a/4594889f650873f7315d393f88.jpeg
 Адрес: Бишкек10 мкр
 Дата: 14.04.2022 / 11:30
 Ссылка: https://lalafo.kg/bishkek/ads/sdan-elitka-1-komnata-58-kv-m-id-100255207
"
"Название: 220 кв. м, 7 комнат, Гараж, Бронированные двери, Видеонаблюдение
 Цена: 170 000 USD180 000 USD
 Фото: https://img5.lalafo.com/i/posters/api/c9/47/9e/1ef8eb335fa89553bb09f6d5bd.jpeg
 Адрес: БишкекЦерковь
 Дата: 14.04.2022 / 11:15
 Ссылка: https://lalafo.kg/bishkek/ads/220-kv-m-7-komnat-garaz-bronirovannye-dveri-videonabludenie-id-96808349
"
